startgps,_startgps_latitude,_startgps_longitude,_startgps_altitude,_startgps_precision,supervisor,supe_other,enumerator,enum_other,enumdate,region,district,ward,village,consent,agrodealer_name,hhgps,_hhgps_latitude,_hhgps_longitude,_hhgps_altitude,_hhgps_precision,hhgpsloc,hhgpsloco,phone,p1/p1_stock,p1/p1_brand,p1/p1_size,p1/p1_price,p2/p2_stock,p2/p2_brand,p2/p2_size,p2/p2_price,p3/p3_type,p3/p3_brand,p3/p3_size,p3/p3_price,p4/p4_stock,p4/p4_brand,p4/p4_size,p4/p4_price,p5/p5_stock,p5/p5_size,p5/p5_price,mkt1/yrsinbus,mkt1/neighbors,mkt1/stocksrc,mkt2/beiknown,mkt2/beienf,mkt2/beieffects,g_df/commentf,meta/instanceID,meta/instanceName,_id,_uuid,_submission_time,_date_modified,_tags,_notes,_version,_duration,_submitted_by,_total_media,_media_count,_media_all_received,_xform_id
startgps,_startgps_latitude,_startgps_longitude,_startgps_altitude,_startgps_precision,Supervisor:,Enter supervisor name:,Enumerator:,Enter enumerator name:,What is today's date?,Region,District,Ward,Town / community / village name,Does agrodealer consent to this interview and data collection?,Enter the name of the respondent,GPS coordinates,_hhgps_latitude,_hhgps_longitude,_hhgps_altitude,_hhgps_precision,What location is this?,specify other,Phone number of ${agrodealer_name}:,Do you stock urea?,What brand?,What is the bag size?,What is the price of per bag?,Do you stock DAP?,What brand?,What is the bag size?,What is the price of per bag?,"Type of fertilizer (name, formulation)",What brand?,What is the bag size?,What is the price of per bag?,Do you stock lime?,What brand?,What is the bag size?,What is the price of per bag?,Is cement available in this area?,What is the bag size?,What is the price of per bag?,How long has this shop been in operation?,How many other agrodealers in this locality?,From where does your stock mostly come from?,Do you know the TFRA indicative prices for fertilizers in this area?,Has the indicative price for fertilizers been enforced in this area?,How hass the indicative price for fertilizers affected your business decisions?,"If there are any comments that you would like to add about the data collected in this section, please enter them below.",instanceID,instanceName,_id,_uuid,_submission_time,_date_modified,_tags,_notes,_version,_duration,_submitted_by,_total_media,_media_count,_media_all_received,_xform_id
n/a,n/a,n/a,n/a,n/a,s1,n/a,e01,n/a,2024-08-23T11:12:00.000+03:00,Arusha,Monduli_DC,n/a,Miserani ,1,Simon,-3.4092752 36.4872374 1261.0670166015625 25.147,-3.4092752,36.4872374,1261.0670166015625,25.147,1,n/a,0710909950,0,n/a,2,0,0,n/a,2,0,0,n/a,2,0,0,n/a,2,0,1,3,17000,3,0,Kisongo,n/a,n/a,n/a,Hardware shop.,uuid:a6d59460-d78d-4e00-b790-ab20ee8c5191,TZA_prices_2024-2024-08-23-e01,151911049,a6d59460-d78d-4e00-b790-ab20ee8c5191,2024-08-23T08:29:20.045102+00:00,2024-08-23T08:29:20.179360+00:00,,,1,,,0,0,True,817551
-3.3028476 36.4454515 1286.7999267578125 20.0,-3.3028476,36.4454515,1286.7999267578125,20.0,s1,n/a,e01,n/a,2024-08-23T11:53:00.000+03:00,Arusha,Monduli_DC,Engu toto,Munduli mjini,1,Nsia,-3.3028482 36.4454522 1489.2611083984375 20.0,-3.3028482,36.4454522,1489.2611083984375,20.0,1,n/a,0756460068,0,n/a,2,0,0,n/a,2,0,0,n/a,2,0,0,n/a,2,0,1,3,18500,21,0,Arusha,n/a,n/a,n/a,"Seed Co shop. Used to sell fertiliser.
cement ratio 42.5",uuid:9dab1f43-1ede-44c2-856a-291dc6c48f13,TZA_prices_2024-2024-08-23T11:53:00.000+03:00-e01,151917051,9dab1f43-1ede-44c2-856a-291dc6c48f13,2024-08-23T09:10:12.665315+00:00,2024-08-23T11:11:03.146619+00:00,,,1,,,0,0,True,817551
-3.3008112 36.4461338 1512.699951171875 17.78,-3.3008112,36.4461338,1512.699951171875,17.78,s1,n/a,e01,n/a,2024-08-23T12:20:00.000+03:00,Arusha,Monduli_DC,Munduli mjini,Munduli mjini,1,Gloria Emmanuel,-3.3004914 36.4459742 1512.699951171875 64.1,-3.3004914,36.4459742,1512.699951171875,64.1,1,n/a,0755760038,0,n/a,2,0,0,n/a,2,0,0,n/a,2,0,0,n/a,2,0,1,3,17500,4,5,Arusha mjini,n/a,n/a,n/a,Agro dealer shop. Does not sell fertiliser.,uuid:473cd89a-2526-42f2-bf42-26db29e08418,TZA_prices_2024-2024-08-23-e01,152059190,473cd89a-2526-42f2-bf42-26db29e08418,2024-08-24T07:33:33.175972+00:00,2024-08-24T07:33:33.348359+00:00,,,1,,,0,0,True,817551
-3.3749213 36.698017 1377.0 13.165,-3.3749213,36.698017,1377.0,13.165,s1,n/a,e01,n/a,2024-08-24T10:12:00.000+03:00,Arusha,Arusha_DC,n/a,Kibo palace,1,Nizam,-3.3749648 36.6980006 1377.0 18.394,-3.3749648,36.6980006,1377.0,18.394,1,n/a,0699042590,1,n/a,2,0,1,n/a,2,0,1,CAN,2,0,0,n/a,2,0,1,2,0,10,15,Arusha,n/a,n/a,n/a,Prices are defined by TFRA. Name of shop Minjingu mines and fertilizer Does not know the price of cement.,uuid:d3e2e971-3bd2-43c6-96c8-aec12e03e55e,TZA_prices_2024-2024-08-24-e01,152059193,d3e2e971-3bd2-43c6-96c8-aec12e03e55e,2024-08-24T07:33:33.798476+00:00,2024-08-24T07:33:33.898581+00:00,,,1,,,0,0,True,817551
-3.3720739 36.6886414 1376.699951171875 7.688,-3.3720739,36.6886414,1376.699951171875,7.688,s1,n/a,e01,n/a,2024-08-24T11:53:00.000+03:00,Arusha,Arusha_DC,Kaloleni,Pangani,1,Kilimopesa,-3.3717634 36.6886013 1377.0 19.808,-3.3717634,36.6886013,1377.0,19.808,1,n/a,0658777747,1,ETG,2,12000,1,ETG,2,15000,1,CAN,2,12000,0,n/a,2,0,1,2,0,1,2,Arusha,n/a,n/a,n/a,Prices per 5 kg bags. 5 months in operation.,uuid:1fc83096-249e-4d03-82d8-33915e92761a,TZA_prices_2024-2024-08-24-e01,152075753,1fc83096-249e-4d03-82d8-33915e92761a,2024-08-24T09:01:16.854675+00:00,2024-08-24T09:01:16.966163+00:00,,,1,,,0,0,True,817551
-3.373569 36.6862976 1371.5 15.258,-3.373569,36.6862976,1371.5,15.258,s1,n/a,e01,n/a,2024-08-24T12:09:00.000+03:00,Arusha,Arusha_DC,Bonde nkati,Arusha town,1,Lucy,-3.3736026 36.6862793 1371.5 35.832,-3.3736026,36.6862793,1371.5,35.832,1,n/a,0743777992,1,ETG falcon,3,64096,1,ETG,3,74096,1,CAN,3,54031,0,n/a,2,0,0,2,0,5,7,Arusha,n/a,n/a,n/a,"5kg DAP 15,000
5kg CAN, Urea - 12,000
Sa - 12,000",uuid:7078ba72-21e9-4cdd-88c8-3393705b8ea6,TZA_prices_2024-2024-08-24-e01,152078876,7078ba72-21e9-4cdd-88c8-3393705b8ea6,2024-08-24T09:28:23.969728+00:00,2024-08-24T09:28:24.076738+00:00,,,1,,,0,0,True,817551
-3.3755883 36.6777771 1364.5 14.514,-3.3755883,36.6777771,1364.5,14.514,s1,n/a,e01,n/a,2024-08-24T12:55:00.000+03:00,Arusha,Arusha_DC,Esoo,Arusha town,1,Edna,-3.375589 36.6777735 1364.5 20.1,-3.375589,36.6777735,1364.5,20.1,1,n/a,0766136235,0,n/a,2,0,0,n/a,2,0,0,n/a,2,0,1,n/a,3,17000,0,2,0,90,5,Tanga,n/a,n/a,n/a,Tanganyika Farmers Association,uuid:ec6f01ab-b080-4409-b88d-bd5dc731e373,TZA_prices_2024-2024-08-24-e01,152082289,ec6f01ab-b080-4409-b88d-bd5dc731e373,2024-08-24T09:59:47.173175+00:00,2024-08-24T09:59:47.268893+00:00,,,1,,,0,0,True,817551
-3.3729724 36.684851 1376.5 11.673,-3.3729724,36.684851,1376.5,11.673,s1,n/a,e01,n/a,2024-08-24T13:14:00.000+03:00,Arusha,Arusha_DC,Revolosi,Bella Agro,1,Bella,-3.3729615 36.6848586 1376.5 17.075,-3.3729615,36.6848586,1376.5,17.075,1,n/a,0696922036,1,ETG,3,63933,1,ETG,2,37967,1,CAN,3,58934,0,n/a,2,0,1,2,0,10,2,Arusha,n/a,n/a,n/a,Subsidised prices,uuid:1c6b8dff-643c-4ab9-ac8b-9334681c4221,TZA_prices_2024-2024-08-24-e01,152084601,1c6b8dff-643c-4ab9-ac8b-9334681c4221,2024-08-24T10:22:39.387064+00:00,2024-08-24T10:22:39.482807+00:00,,,1,,,0,0,True,817551
-3.3721759 36.6835609 1382.0999755859375 18.539,-3.3721759,36.6835609,1382.0999755859375,18.539,s1,n/a,e01,n/a,2024-08-24T13:29:00.000+03:00,Arusha,Arusha_City,Levolos,Sabena,1,Freddie,-3.3722165 36.6835183 1381.7999267578125 18.485,-3.3722165,36.6835183,1381.7999267578125,18.485,1,n/a,0766829786,0,n/a,2,0,0,n/a,2,0,0,n/a,2,0,1,Superlime products,2,21000,1,3,18000,15,30,Arusha,n/a,n/a,n/a,"20kg bag  of lime - 15,000",uuid:949c01d4-35e5-4c76-9075-7f27daf7ac55,TZA_prices_2024-2024-08-24-e01,152085928,949c01d4-35e5-4c76-9075-7f27daf7ac55,2024-08-24T10:36:09.310923+00:00,2024-08-24T10:36:09.406093+00:00,,,1,,,0,0,True,817551
-3.3698509 36.6828484 1384.0999755859375 19.389,-3.3698509,36.6828484,1384.0999755859375,19.389,s1,n/a,e01,n/a,2024-08-24T13:44:00.000+03:00,Arusha,Arusha_City,n/a,Levolosi,1,Neema,-3.3699568 36.6826666 1387.699951171875 4.786,-3.3699568,36.6826666,1387.699951171875,4.786,1,n/a,0753501577,1,"ETG, MOP-72,500 50kg",3,55000,1,Yara,3,114000,1,CAN,3,92000,0,n/a,2,0,0,2,17000,3,15,Arusha,n/a,n/a,n/a,Used to sell. Prices before Ruzuku was introduced by government.,uuid:6df5b380-5e00-420d-a54c-b94c57062339,TZA_prices_2024-2024-08-24-e01,152087894,6df5b380-5e00-420d-a54c-b94c57062339,2024-08-24T10:58:34.641653+00:00,2024-08-24T10:58:34.773898+00:00,,,1,,,0,0,True,817551
-3.3733208 36.6839675 1376.199951171875 10.513,-3.3733208,36.6839675,1376.199951171875,10.513,s1,n/a,e01,n/a,2024-08-24T14:30:00.000+03:00,Arusha,Arusha_City,n/a,Makao mapya,1,Eriki,-3.3702372 36.6827121 1387.199951171875 4.481,-3.3702372,36.6827121,1387.199951171875,4.481,1,n/a,0700000000,0,n/a,2,0,0,n/a,2,0,0,n/a,2,0,1,Rhino lime 20 kg bag,2,8000,1,2,0,5,0,"""Arusha""",n/a,n/a,n/a,Hardware. 20kg lime 8000,uuid:38124f09-de98-444d-b94b-bf1ad4c732f9,TZA_prices_2024-2024-08-24-e01,152093979,38124f09-de98-444d-b94b-bf1ad4c732f9,2024-08-24T11:40:56.265813+00:00,2024-08-24T11:40:56.364130+00:00,,,1,,,0,0,True,817551
-3.9957984 35.7830029 979.5999755859375 9.381,-3.9957984,35.7830029,979.5999755859375,9.381,s1,n/a,e01,n/a,2024-08-25T12:56:00.000+03:00,Manyara,Babati_DC,Magugu,Magugu,1,Joan,-3.9958492 35.7829575 989.209228515625 4.932,-3.9958492,35.7829575,989.209228515625,4.932,1,n/a,0755856166,1,"ETG,MO,YARA,MINJINGU= 46 nitrogen",3,65115,1,Minjingu DAAP plus,3,67000,1,CAN,3,60000,0,n/a,2,0,1,3,17500,7,6,"Moshi, Arusha, Minjingu company - Babati",n/a,n/a,n/a,"CAN 5kg = 10,000 not under subsidy scheme. 
Farmers ask about lime but limited knowledge on lime. Seller gives SA instead of lime.
SA 50kg = 45,000
winner-Yara 50kg=75000
Microp mbogamboga 50kg=75000
YaraOtesha 50kg=75000
Access to fertiliser by small agro dealer is a problem. Low profit with the subsidy problem.",uuid:0966e0d2-979a-407a-bd59-c7478e4d2765,TZA_prices_2024-2024-08-25-e01,152172334,0966e0d2-979a-407a-bd59-c7478e4d2765,2024-08-25T11:17:16.447720+00:00,2024-08-25T11:17:16.590367+00:00,,,1,,,0,0,True,817551
-3.9998858 35.7764988 986.7999877929688 7.325,-3.9998858,35.7764988,986.7999877929688,7.325,s1,n/a,e01,n/a,2024-08-25T13:39:00.000+03:00,Manyara,Babati_DC,Magugu,Magugu,1,Lakshman,-3.9998021 35.7765039 986.7999877929688 4.791,-3.9998021,35.7765039,986.7999877929688,4.791,1,n/a,0687080888,1,n/a,3,53000,0,n/a,2,0,0,n/a,2,0,0,n/a,2,0,1,2,0,4,4,Arusha,n/a,n/a,n/a,"Used to sell urea before subsidy program.
Access to fertiliser is a problem for most farmers.",uuid:54dba73d-e911-4556-b9ae-d845fbfe863c,TZA_prices_2024-2024-08-25-e01,152172335,54dba73d-e911-4556-b9ae-d845fbfe863c,2024-08-25T11:17:16.940989+00:00,2024-08-25T11:17:17.032198+00:00,,,1,,,0,0,True,817551
-4.000516 35.7795732 986.7999877929688 6.401,-4.000516,35.7795732,986.7999877929688,6.401,s1,n/a,e01,n/a,2024-08-25T13:52:00.000+03:00,Manyara,Babati_DC,Magugu,Magugu,1,Neema,-4.0004585 35.7795877 988.922119140625 4.754,-4.0004585,35.7795877,988.922119140625,4.754,1,n/a,0693476817,1,MO,3,65000,1,Minjingu,3,65000,1,CAN,3,65000,0,n/a,2,0,1,3,18000,3,3,"Babati, Arusha",n/a,n/a,n/a,"Before subsidy program 
Urea 50kg =40,000",uuid:e9b73e60-e0ae-4e41-968f-08a68036a921,TZA_prices_2024-2024-08-25-e01,152172337,e9b73e60-e0ae-4e41-968f-08a68036a921,2024-08-25T11:17:17.381180+00:00,2024-08-25T11:17:17.482636+00:00,,,1,,,0,0,True,817551
-4.2118819 35.7475219 1326.4000244140625 21.604,-4.2118819,35.7475219,1326.4000244140625,21.604,s1,n/a,e01,n/a,2024-08-25T15:33:00.000+03:00,Manyara,Babati_DC,Magara,Osterbey,1,Manka john,-4.2118481 35.7475947 1324.5 4.926,-4.2118481,35.7475947,1324.5,4.926,1,n/a,0755577278,1,"Minjingu, ETG, OCP, MO",3,64788,1,n/a,3,75115,1,CAAN plus,3,59867,0,n/a,2,0,1,3,18000,10,15,"Minjingu, Arusha, Dar es Salaam",n/a,n/a,n/a,"5kg Urea - 10, 000
5kg DAp - 10,000

Farmers ask about lime, but does not know where to purchase.",uuid:b46dcebd-c412-4613-8d4d-208f37e31451,TZA_prices_2024-2024-08-25-e01,152179572,b46dcebd-c412-4613-8d4d-208f37e31451,2024-08-25T13:21:52.119727+00:00,2024-08-25T13:21:52.228694+00:00,,,1,,,0,0,True,817551
-4.2086036 35.7486667 1324.2999267578125 11.615,-4.2086036,35.7486667,1324.2999267578125,11.615,s1,n/a,e01,n/a,2024-08-25T15:57:00.000+03:00,Manyara,Babati_TC,Bagala,Mji mpya,1,Emmanuel valerian,-4.2086117 35.7486822 1329.0494384765625 4.392,-4.2086117,35.7486822,1329.0494384765625,4.392,1,n/a,0626331212,1,ETG,3,65000,1,ETG,3,70000,1,SA,3,45000,0,n/a,2,0,1,3,18000,4,17,Arusha,n/a,n/a,n/a,"5kg Urea - 7000

Used to sell before subsidy program. The prices are for that time period.

TFA sells lime, but shop is closed.",uuid:14db2d19-0ce5-47a0-b1b6-e3998086a497,TZA_prices_2024-2024-08-25-e01,152179574,14db2d19-0ce5-47a0-b1b6-e3998086a497,2024-08-25T13:21:52.644740+00:00,2024-08-25T13:21:52.757608+00:00,,,1,,,0,0,True,817551
-4.2110682 35.7480399 1324.699951171875 26.908,-4.2110682,35.7480399,1324.699951171875,26.908,s1,n/a,e01,n/a,2024-08-25T15:18:00.000+03:00,Manyara,Babati_TC,Osterbai,Stendi ya zamani,1,Melania Peter,-4.2110359 35.747911 1328.0782470703125 4.716,-4.2110359,35.747911,1328.0782470703125,4.716,1,n/a,0789818135,1,"ETG, Yara, Minjingu",3,105000,1,Falcon,3,80000,1,CAN,3,68000,0,n/a,2,0,0,2,0,4,10,Babati,n/a,n/a,n/a,"5kg Urea - 10,000

Used to sell before subsidy program.",uuid:495acb29-0e96-46de-ae9a-10d95fcb9226,TZA_prices_2024-2024-08-25-e01,152179576,495acb29-0e96-46de-ae9a-10d95fcb9226,2024-08-25T13:21:53.141576+00:00,2024-08-25T13:21:53.237207+00:00,,,1,,,0,0,True,817551
-4.9068141 35.7883204 1344.4622802734375 22.454,-4.9068141,35.7883204,1344.4622802734375,22.454,s1,n/a,e01,n/a,2024-08-25T17:42:00.000+03:00,Dodoma,Kondoa_TC,n/a,Chemchem,1,Freddie Nandi,-4.9068419 35.7881657 1355.0518798828125 4.781,-4.9068419,35.7881657,1355.0518798828125,4.781,1,n/a,0628756434,1,YARA,3,74000,1,TFC,3,74000,0,n/a,2,0,0,n/a,2,0,1,3,19000,2,3,Not Sure,n/a,n/a,n/a,Subsidised prices.,uuid:977aee18-b669-4776-8e7e-35de08dbfbd5,TZA_prices_2024-2024-08-25-e01,152197376,977aee18-b669-4776-8e7e-35de08dbfbd5,2024-08-25T21:40:30.548902+00:00,2024-08-25T21:40:30.654425+00:00,,,1,,,0,0,True,817551
-4.9058966 35.7858711 1354.7255859375 18.342,-4.9058966,35.7858711,1354.7255859375,18.342,s1,n/a,e01,n/a,2024-08-25T17:58:00.000+03:00,Dodoma,Kondoa_TC,Chemchem,Chemchem,1,Makunga,-4.9059193 35.7858714 1354.2821044921875 4.615,-4.9059193,35.7858714,1354.2821044921875,4.615,1,n/a,0757404298,1,Falcon,3,60000,1,Falcon,3,60000,1,CAN Falcon,3,55000,0,n/a,2,0,1,3,19000,10,9,Arusha,n/a,n/a,n/a,"5kg Urea - 8000
25kg Urea - 30,000

Prices before Subsidies.",uuid:ce8249c1-2c41-4b01-a6a0-ff280fe59619,TZA_prices_2024-2024-08-25-e01,152197377,ce8249c1-2c41-4b01-a6a0-ff280fe59619,2024-08-25T21:40:31.075756+00:00,2024-08-25T21:40:31.167107+00:00,,,1,,,0,0,True,817551
-5.2417731 35.8893116 1213.3741455078125 14.525,-5.2417731,35.8893116,1213.3741455078125,14.525,s1,n/a,e01,n/a,2024-08-25T19:02:00.000+03:00,Dodoma,Chemba_DC,Chemba,Kariakor,1,Maro wambura,-5.2419067 35.8893076 1234.6605224609375 4.405,-5.2419067,35.8893076,1234.6605224609375,4.405,1,n/a,0783683322,1,YARA,3,70000,1,Yara,3,69000,0,n/a,2,0,0,n/a,2,0,1,3,20000,3,3,Dodoma,n/a,n/a,n/a,"Subsidised prices 

Did not sell before Subsidies program.",uuid:e5bde2b3-2cc6-4978-9523-bb325cf03a25,TZA_prices_2024-2024-08-25-e01,152197378,e5bde2b3-2cc6-4978-9523-bb325cf03a25,2024-08-25T21:40:31.581327+00:00,2024-08-25T21:40:31.672846+00:00,,,1,,,0,0,True,817551
-6.1790646 35.7417791 1113.0999755859375 19.765,-6.1790646,35.7417791,1113.0999755859375,19.765,s1,n/a,e01,n/a,2024-08-26T08:47:00.000+03:00,Dodoma,Dodoma_MC,Majengo,Majengo,1,Shukurani Yohana,-6.179092 35.7416375 1112.5 4.957,-6.179092,35.7416375,1112.5,4.957,1,n/a,0754014403,1,ETG,3,120000,1,n/a,3,100000,0,n/a,2,0,0,n/a,2,0,1,3,18000,4,6,Morogoro,n/a,n/a,n/a,Fertilizer Prices before subsidy program.,uuid:6f9e8b04-cda4-4e1a-bdb1-6124634ed154,TZA_prices_2024-2024-08-26-e01,152229730,6f9e8b04-cda4-4e1a-bdb1-6124634ed154,2024-08-26T07:25:19.042945+00:00,2024-08-26T07:25:19.155356+00:00,,,1,,,0,0,True,817551
-6.1791644 35.7413551 1113.9000244140625 8.568,-6.1791644,35.7413551,1113.9000244140625,8.568,s1,n/a,e01,n/a,2024-08-26T08:54:00.000+03:00,Dodoma,Dodoma_MC,Majengo,Majengo,1,Nehemiah Joseph,-6.1791434 35.7413819 1114.0 4.887,-6.1791434,35.7413819,1114.0,4.887,1,n/a,0745168518,1,Minjingu,3,70000,1,FOMI,3,70000,0,n/a,2,0,0,n/a,2,0,0,2,0,5,5,Not sure,n/a,n/a,n/a,Subsidised prices,uuid:ec2ace13-a62b-4e0e-93e6-1c348c864c9e,TZA_prices_2024-2024-08-26-e01,152229734,ec2ace13-a62b-4e0e-93e6-1c348c864c9e,2024-08-26T07:25:19.550928+00:00,2024-08-26T07:25:19.642502+00:00,,,1,,,0,0,True,817551
-6.1800788 35.7431125 1113.5999755859375 31.296,-6.1800788,35.7431125,1113.5999755859375,31.296,s1,n/a,e01,n/a,2024-08-26T09:08:00.000+03:00,Dodoma,Dodoma_MC,Madukani,Barbara kumi na mbili,1,Fatuma,-6.1799647 35.7433372 1113.5999755859375 4.554,-6.1799647,35.7433372,1113.5999755859375,4.554,1,n/a,0719747974,1,Yara,3,55000,1,Yara,3,55000,1,"CAN, NPK",3,55000,1,n/a,3,20000,0,2,0,6,20,Dar es Salaam,n/a,n/a,n/a,"Stocks lime from Dar es Salaam
Price of fertiliser before Subsidies.
Many farmers buy lime from here.",uuid:a7333f15-9473-4eec-9fe3-86584b203914,TZA_prices_2024-2024-08-26-e01,152229737,a7333f15-9473-4eec-9fe3-86584b203914,2024-08-26T07:25:20.016961+00:00,2024-08-26T07:25:20.118337+00:00,,,1,,,0,0,True,817551
-6.1800035 35.7433443 1113.5999755859375 7.756,-6.1800035,35.7433443,1113.5999755859375,7.756,s1,n/a,e01,n/a,2024-08-26T09:17:00.000+03:00,Dodoma,Dodoma_MC,Madukani,Bara bara ya kumi na mbili,1,Wema,-6.1800125 35.743335 1113.5999755859375 4.911,-6.1800125,35.743335,1113.5999755859375,4.911,1,n/a,0762448167,1,"Premium, stacko, Yara, ETG",2,25000,1,"ETG, Yara , premium",2,40000,1,CAN,3,55000,0,n/a,2,0,0,2,0,20,30,"Morogoro, Dar es Salaam, Minjingu",n/a,n/a,n/a,Prices before Subsidies 3 years ago.,uuid:ad565bdc-e336-4eb8-8d72-917487d3653f,TZA_prices_2024-2024-08-26-e01,152229739,ad565bdc-e336-4eb8-8d72-917487d3653f,2024-08-26T07:25:20.480007+00:00,2024-08-26T07:25:20.570375+00:00,,,1,,,0,0,True,817551
-6.1800823 35.7435034 1113.5 22.781,-6.1800823,35.7435034,1113.5,22.781,s1,n/a,e01,n/a,2024-08-26T09:38:00.000+03:00,Dodoma,Dodoma_MC,n/a,Bara bara ya kumi na mbili,1,Caleb,-6.1800586 35.7434831 1113.5 4.492,-6.1800586,35.7434831,1113.5,4.492,1,n/a,0758437531,1,"ETG, Falcon, Yara",3,120000,1,ETG,3,120000,1,CAN,3,120000,1,Dodoma lime,3,13000,0,2,30,7,30,"Dodoma, Dar es Salaam",n/a,n/a,n/a,"Sells lime from Dodoma.

Fertiliser Price before Subsidy program around 2022 when the war in Ukraine started. Before that 50kg urea was around 50,000.",uuid:754f8e70-2d12-4486-85a4-95f4e0419da9,TZA_prices_2024-2024-08-26-e01,152229744,754f8e70-2d12-4486-85a4-95f4e0419da9,2024-08-26T07:25:21.043201+00:00,2024-08-26T07:25:21.222206+00:00,,,1,,,0,0,True,817551
-6.1808952 35.744336 1111.7999267578125 30.257,-6.1808952,35.744336,1111.7999267578125,30.257,s1,n/a,e01,n/a,2024-08-26T10:02:00.000+03:00,Dodoma,Dodoma_MC,Madukani,Bara bara ya kumi na mbili,1,Allen,-6.1809779 35.7441917 1114.4000244140625 4.941,-6.1809779,35.7441917,1114.4000244140625,4.941,1,n/a,0758160381,1,ETG,3,50000,1,ETG,3,50000,1,CAN,3,50000,0,n/a,2,0,1,2,0,20,30,Dar es Salaam,n/a,n/a,n/a,"Prices before Subsidies around 2018.

Not on subsidy program because of low profit.",uuid:c4003e18-b2a5-47d2-9a05-a7c43c901b1b,TZA_prices_2024-2024-08-26-e01,152229747,c4003e18-b2a5-47d2-9a05-a7c43c901b1b,2024-08-26T07:25:21.621199+00:00,2024-08-26T07:25:21.709095+00:00,,,1,,,0,0,True,817551
-6.3985468 35.7440013 1047.0 19.571,-6.3985468,35.7440013,1047.0,19.571,s1,n/a,e01,n/a,2024-08-26T11:18:00.000+03:00,Dodoma,Dodoma_MC,Mpunguzi,Mpunguzi,1,Khery,-6.3985121 35.7437831 1047.0 4.961,-6.3985121,35.7437831,1047.0,4.961,1,n/a,0757538735,1,"ETG, Yara",3,100000,1,"ETG, YARa",3,120000,1,CAN,3,120000,0,n/a,2,0,1,3,19000,7,3,Dodoma,n/a,n/a,n/a,"Prices before Subsidies 3 years ago. 
Stopped selling after subsidy program.
Knows lime but does not sell.",uuid:1f882daf-157c-4d60-a785-89df339c7011,TZA_prices_2024-2024-08-26-e01,152238321,1f882daf-157c-4d60-a785-89df339c7011,2024-08-26T08:42:04.101294+00:00,2024-08-26T08:42:04.204434+00:00,,,1,,,0,0,True,817551
-6.3991127 35.745167 1051.2999267578125 10.02,-6.3991127,35.745167,1051.2999267578125,10.02,s1,n/a,e01,n/a,2024-08-26T11:28:00.000+03:00,Dodoma,Dodoma_MC,Mpunguzi,Mpunguzi,1,Elidelita,-6.3990295 35.7451952 1051.2999267578125 4.917,-6.3990295,35.7451952,1051.2999267578125,4.917,1,n/a,0785868617,0,n/a,2,0,0,n/a,2,0,0,n/a,2,0,0,n/a,2,0,1,2,0,2,4,n/a,n/a,n/a,n/a,Looks into getting into subsidy program. Has never sold fertiliser or lime.,uuid:42a380e5-fae2-4064-866f-b724896bad27,TZA_prices_2024-2024-08-26-e01,152238323,42a380e5-fae2-4064-866f-b724896bad27,2024-08-26T08:42:04.597445+00:00,2024-08-26T08:42:04.692533+00:00,,,1,,,0,0,True,817551
-7.1123758 35.9714593 679.8662109375 15.419,-7.1123758,35.9714593,679.8662109375,15.419,s1,n/a,e01,n/a,2024-08-26T13:05:00.000+03:00,Dodoma,Mpwapwa_DC,Mtera,Mtera,1,Edna yohana,-7.1123419 35.9714779 721.6099853515625 4.838,-7.1123419,35.9714779,721.6099853515625,4.838,1,n/a,0625273011,0,n/a,2,0,0,n/a,2,0,0,n/a,2,0,0,n/a,2,0,1,3,18500,1,1,n/a,n/a,n/a,n/a,New and only shop in the area.,uuid:ab04618d-332f-4bf4-a8b3-148faa62d8dd,TZA_prices_2024-2024-08-26-e01,152249932,ab04618d-332f-4bf4-a8b3-148faa62d8dd,2024-08-26T11:14:00.127857+00:00,2024-08-26T11:14:00.256356+00:00,,,1,,,0,0,True,817551
-7.1604276 35.7693004 692.49365234375 4.8,-7.1604276,35.7693004,692.49365234375,4.8,s1,n/a,e01,n/a,2024-08-26T14:08:00.000+03:00,Iringa,Iringa_DC,Migori,Migori,1,Mariamu Ramadhan,-7.1603704 35.769297 697.04150390625 3.802,-7.1603704,35.769297,697.04150390625,3.802,1,n/a,0622879707,0,n/a,2,0,0,n/a,2,0,0,n/a,2,0,0,n/a,2,0,1,3,19000,1,2,n/a,n/a,n/a,n/a,"Does not sell fertiliser or lime but knows lime.
Other seller only sells animal products.",uuid:595c9b28-d919-4ac5-844d-75839e256710,TZA_prices_2024-2024-08-26-e01,152249971,595c9b28-d919-4ac5-844d-75839e256710,2024-08-26T11:14:44.421467+00:00,2024-08-26T11:14:44.512317+00:00,,,1,,,0,0,True,817551
-7.5886854 35.7701677 1346.797119140625 13.963,-7.5886854,35.7701677,1346.797119140625,13.963,s1,n/a,e01,n/a,2024-08-26T15:23:00.000+03:00,Iringa,Iringa_DC,n/a,Kising'a,1,Gloria,-7.5887925 35.7701895 1349.4005126953125 4.929,-7.5887925,35.7701895,1349.4005126953125,4.929,1,n/a,0744382616,1,One Acre Fund,3,63955,1,One Acre Fund,3,73955,1,CAN,3,n/a,1,Dodoma,3,11000,0,2,0,1,1,Iringa,n/a,n/a,n/a,"Subsidised fertiliser prices 

Sells lime.",uuid:ee38d0e9-f099-4d53-9d0f-67d23e9fee7c,TZA_prices_2024-2024-08-26-e01,152260951,ee38d0e9-f099-4d53-9d0f-67d23e9fee7c,2024-08-26T13:43:26.041656+00:00,2024-08-26T13:43:26.192864+00:00,,,1,,,0,0,True,817551
-7.8031842 35.601645 1558.0 7.996,-7.8031842,35.601645,1558.0,7.996,s1,n/a,e01,n/a,2024-08-26T17:08:00.000+03:00,Iringa,Iringa_DC,Kalenga,Kalenga,1,George Charles,-7.8031841 35.6016651 1451.490234375 4.893,-7.8031841,35.6016651,1451.490234375,4.893,1,n/a,0768256297,1,ETG,3,120000,1,ETG,3,135000,1,CAN - MO,3,105000,1,Dodoma,3,11000,1,3,17500,10,3,"Dodoma, Dar es Salaam, Iringa",n/a,n/a,n/a,"Prices before Subsidy program 
2021-2022.
Urea 50 kg 54, 000  2019 -2020",uuid:fa7bf0c4-d89c-4115-816a-6b26b9aee7e6,TZA_prices_2024-2024-08-26-e01,152264787,fa7bf0c4-d89c-4115-816a-6b26b9aee7e6,2024-08-26T15:04:33.557800+00:00,2024-08-26T15:04:33.668523+00:00,,,1,,,0,0,True,817551
-7.8031072 35.6015122 1407.6834716796875 10.516,-7.8031072,35.6015122,1407.6834716796875,10.516,s1,n/a,e01,n/a,2024-08-26T17:24:00.000+03:00,Iringa,Iringa_DC,Kalenga,Kalenga,1,Kevin kiputa,-7.8031656 35.6016507 1443.8834228515625 4.515,-7.8031656,35.6016507,1443.8834228515625,4.515,1,n/a,0718099196,1,"MO, stacko, tfc",3,63800,1,"MO, TFC",3,73800,1,CAN  - Mo,3,58800,0,n/a,2,0,1,3,17000,2,3,Iringa towm,n/a,n/a,n/a,Sells subsidised prices,uuid:1e3cae6b-f5d9-4a7b-a1ca-53d55e0863fe,TZA_prices_2024-2024-08-26-e01,152264788,1e3cae6b-f5d9-4a7b-a1ca-53d55e0863fe,2024-08-26T15:04:34.049047+00:00,2024-08-26T15:04:34.151584+00:00,,,1,,,0,0,True,817551
-7.7193018 35.530029 1447.1278076171875 4.902,-7.7193018,35.530029,1447.1278076171875,4.902,s1,n/a,e01,n/a,2024-08-26T17:49:00.000+03:00,Iringa,Iringa_DC,Nzi,Nzi,1,Veronica Nyondo,-7.7195493 35.5298818 1449.90966796875 4.819,-7.7195493,35.5298818,1449.90966796875,4.819,1,n/a,0744652432,1,"MO, Minjingu",3,64000,1,MO,3,74000,1,CAN,3,59000,0,n/a,2,0,1,3,17000,10,2,Iringa,n/a,n/a,n/a,"Urea - upto 120,000

DAP - upto 150,00

Before Subsidy program.",uuid:88f2a0fc-b4a7-4d93-b6e6-585d1697944e,TZA_prices_2024-2024-08-26-e01,152264789,88f2a0fc-b4a7-4d93-b6e6-585d1697944e,2024-08-26T15:04:34.456835+00:00,2024-08-26T15:04:34.555023+00:00,,,1,,,0,0,True,817551
-7.7192124 35.5295058 1453.6048583984375 5.431,-7.7192124,35.5295058,1453.6048583984375,5.431,s1,n/a,e01,n/a,2024-08-26T17:56:00.000+03:00,Iringa,Iringa_DC,Nzi,Nzi,1,Treysphony ngolley,-7.7192109 35.5294057 1427.24853515625 4.317,-7.7192109,35.5294057,1427.24853515625,4.317,1,n/a,0766126424,1,"ETG, stacko, yara",2,28000,1,"Yara, ETG",2,32000,1,CAN,2,26000,0,n/a,2,0,1,2,0,8,3,Iringa town,n/a,n/a,n/a,"Prices before Subsidy program.
Urea prices ranged from 28,000 - 40,000",uuid:582f68c6-cc2e-4cd0-8592-4a37ecbe4847,TZA_prices_2024-2024-08-26-e01,152264790,582f68c6-cc2e-4cd0-8592-4a37ecbe4847,2024-08-26T15:04:34.936114+00:00,2024-08-26T15:04:35.032647+00:00,,,1,,,0,0,True,817551
-7.9815789 35.8332458 1909.8779296875 20.76,-7.9815789,35.8332458,1909.8779296875,20.76,s1,n/a,e01,n/a,2024-08-27T09:54:00.000+03:00,Iringa,Kilolo_DC,Mtitu,Luganga,1,Subira,-7.9816115 35.8332288 1924.562744140625 4.908,-7.9816115,35.8332288,1924.562744140625,4.908,1,n/a,0755331223,1,"Yara , ETG, OCP, MO",3,64000,1,"ETG, Yara, OCP, Mo",3,74000,1,CAN - TSP,3,59000,1,Dodoma,3,14000,1,3,18000,6,4,"Dodoma, Dar es Salaam, Iringa",n/a,n/a,n/a,"5kg Urea - 13,000
CAN 5kg - 12,000
DAP 5kg - 15,000
SA 5kg - 10, 000
SA 50kg - 44,000

Like prices for 2024.",uuid:c89ce14b-a5eb-4985-bcf4-46d891ec52d8,TZA_prices_2024-2024-08-27-e01,152398178,c89ce14b-a5eb-4985-bcf4-46d891ec52d8,2024-08-27T12:02:47.327883+00:00,2024-08-27T12:02:47.440270+00:00,,,1,,,0,0,True,817551
-7.9816772 35.8331927 1920.19189453125 9.256,-7.9816772,35.8331927,1920.19189453125,9.256,s1,n/a,e01,n/a,2024-08-27T10:04:00.000+03:00,Iringa,Kilolo_DC,Mtitu,Luganga,1,Paul,-7.9816209 35.8332373 1915.84375 4.921,-7.9816209,35.8332373,1915.84375,4.921,1,n/a,0749262899,1,"ETG, Yara",3,63700,1,"ETG, Yara",3,73700,1,CAN ETG,3,58700,1,Dodoma,3,11500,1,2,0,4,4,"Dodoma, Dar es Salaam, Iringa",n/a,n/a,n/a,"Subsidised prices of fertiliser.
Lime prices for 2022",uuid:91a29741-10cb-4f4b-9028-b9c1d374caff,TZA_prices_2024-2024-08-27-e01,152398180,91a29741-10cb-4f4b-9028-b9c1d374caff,2024-08-27T12:02:47.755459+00:00,2024-08-27T12:02:47.850872+00:00,,,1,,,0,0,True,817551
-7.9834096 35.8345304 1926.446533203125 5.538,-7.9834096,35.8345304,1926.446533203125,5.538,s1,n/a,e01,n/a,2024-08-27T10:13:00.000+03:00,Iringa,Kilolo_DC,Mtito,Luganga,1,Evance msofu,-7.9832983 35.8346419 1923.20068359375 4.926,-7.9832983,35.8346419,1923.20068359375,4.926,1,n/a,0673958295,1,ETG,3,63000,1,ETG,3,73000,1,CAN,3,53000,1,Dodoma,2,15000,1,3,18000,7,4,"Iringa town, Dodoma",n/a,n/a,n/a,"Looking to sell lime soon. Will sell for 15,000 25 kgs. Already ordered lime.
5kg Urea - 12,000
DAp 5kg - 15,000

Fertiliser prices for 2024.

Cement in the area 32.5N - 18,00
42.5N -20,500",uuid:3811e4e1-30d7-4346-94c8-779e59a1b359,TZA_prices_2024-2024-08-27-e01,152398181,3811e4e1-30d7-4346-94c8-779e59a1b359,2024-08-27T12:02:48.191850+00:00,2024-08-27T12:02:48.289320+00:00,,,1,,,0,0,True,817551
-8.0046728 35.8435252 1860.643310546875 8.946,-8.0046728,35.8435252,1860.643310546875,8.946,s1,n/a,e01,n/a,2024-08-27T10:30:00.000+03:00,Iringa,Kilolo_DC,Mtitu,Kilolo,1,Joseph Makweta,-8.0047104 35.8434248 1852.40625 4.929,-8.0047104,35.8434248,1852.40625,4.929,1,n/a,0754774600,1,Stacko,2,0,1,Falcon,2,0,1,CAN - staco,2,0,0,n/a,2,0,1,3,19500,5,5,Iringa town,n/a,n/a,n/a,"5kg Urea - 13,000
5kg DAP -15,000
5kg CAN - 12,000",uuid:c9cb13a7-01af-433e-9711-90023060f071,TZA_prices_2024-2024-08-27-e01,152398183,c9cb13a7-01af-433e-9711-90023060f071,2024-08-27T12:02:48.625067+00:00,2024-08-27T12:02:48.720405+00:00,,,1,,,0,0,True,817551
-8.0036255 35.8438549 1862.0556640625 9.721,-8.0036255,35.8438549,1862.0556640625,9.721,s1,n/a,e01,n/a,2024-08-27T10:39:00.000+03:00,Iringa,Kilolo_DC,Mtitu,Kilolo,1,Samuel,-8.0036008 35.843941 1866.89013671875 4.306,-8.0036008,35.843941,1866.89013671875,4.306,1,n/a,0712397593,1,One Acre Fund,3,63700,1,One Acre Fund,3,73700,1,CAN,3,58700,1,Dodoma,3,11000,1,3,19000,3,5,Iringa town,n/a,n/a,n/a,Subsidised prices of fertiliser.,uuid:c777adc5-a70e-4863-86f5-917584637f12,TZA_prices_2024-2024-08-27-e01,152398184,c777adc5-a70e-4863-86f5-917584637f12,2024-08-27T12:02:49.021081+00:00,2024-08-27T12:02:49.108744+00:00,,,1,,,0,0,True,817551
-8.0033935 35.8440733 1869.642578125 10.802,-8.0033935,35.8440733,1869.642578125,10.802,s1,n/a,e01,n/a,2024-08-27T10:46:00.000+03:00,Iringa,Kilolo_DC,Mtitu,Kilolo,1,Shuhudia,-8.0033941 35.8439533 1869.115966796875 4.604,-8.0033941,35.8439533,1869.115966796875,4.604,1,n/a,0762322940,1,ETG,3,63700,1,"MO, ETG, Falcon",3,73700,1,CAN,3,58700,0,n/a,2,0,1,3,19000,1,5,"Iringa, Dar es Salaam",n/a,n/a,n/a,"5kg Urea - 14,000
5kg DAP - 15,00
5kg CAN - 13,000
5kg price are not subsidised.

25kg and 50kg prices are subsided.",uuid:b4037f34-acaf-4b41-bf87-7f8624a8f3e4,TZA_prices_2024-2024-08-27-e01,152398185,b4037f34-acaf-4b41-bf87-7f8624a8f3e4,2024-08-27T12:02:49.402154+00:00,2024-08-27T12:02:49.495353+00:00,,,1,,,0,0,True,817551
-8.0992113 35.7710343 1877.7822265625 9.532,-8.0992113,35.7710343,1877.7822265625,9.532,s1,n/a,e01,n/a,2024-08-27T11:24:00.000+03:00,Iringa,Kilolo_DC,Ng'uruhe,Ng'uruhe,1,France,-8.0991858 35.7710673 1872.697265625 4.115,-8.0991858,35.7710673,1872.697265625,4.115,1,n/a,0613447296,1,"Yara, MO, ETG, Falcon",3,63000,1,"ETG, falcon,MO",3,73700,1,"CAN - ETG, falcon, MO",3,59000,0,n/a,2,0,1,3,0,1,4,"Dar es Salaam, Iringa",n/a,n/a,n/a,"5kg DAP - 15,000
5kg CAN - 13,000
5kg Urea - 14,000


5kg not subsidised prices.
50kg - Subsidised prices",uuid:dde9dc82-ac00-47a9-8d88-922201408d1a,TZA_prices_2024-2024-08-27-e01,152398186,dde9dc82-ac00-47a9-8d88-922201408d1a,2024-08-27T12:02:49.812899+00:00,2024-08-27T12:02:49.901441+00:00,,,1,,,0,0,True,817551
-8.0991432 35.7709827 1879.107421875 10.492,-8.0991432,35.7709827,1879.107421875,10.492,s1,n/a,e01,n/a,2024-08-27T11:37:00.000+03:00,Iringa,Kilolo_DC,Ng'uruhe,Ng'uruhe,1,Doreen,-8.0992423 35.7708383 1886.830322265625 4.765,-8.0992423,35.7708383,1886.830322265625,4.765,1,n/a,0716345528,1,Yara,3,74000,1,Yara,3,74000,1,CAN,3,59000,0,n/a,2,0,1,3,19000,2,5,Iringa town Yara depot,n/a,n/a,n/a,"5kg Urea - 15,000
5kg DAP - 15,000
5kg brand is Falcon.",uuid:b047f11a-82cb-4438-be38-ca05ff7c61d2,TZA_prices_2024-2024-08-27-e01,152398188,b047f11a-82cb-4438-be38-ca05ff7c61d2,2024-08-27T12:02:50.195541+00:00,2024-08-27T12:02:50.281678+00:00,,,1,,,0,0,True,817551
-8.0997065 35.7712174 1867.81640625 12.981,-8.0997065,35.7712174,1867.81640625,12.981,s1,n/a,e01,n/a,2024-08-27T11:45:00.000+03:00,Iringa,Kilolo_DC,Ng'uruhe,Ng'uruhe,1,Suzana Chuhila,-8.0996897 35.7712334 1871.114013671875 4.158,-8.0996897,35.7712334,1871.114013671875,4.158,1,n/a,0712979471,1,ETG,3,64000,1,"ETG, Falcon",3,74000,1,CAN ETG,3,59000,0,n/a,2,0,1,3,19000,4,5,Iringa,n/a,n/a,n/a,"Falcon
5kg DAP - 13,000",uuid:cf268801-b8a0-49df-9c49-3069e03505be,TZA_prices_2024-2024-08-27-e01,152398189,cf268801-b8a0-49df-9c49-3069e03505be,2024-08-27T12:02:50.586122+00:00,2024-08-27T12:02:50.676577+00:00,,,1,,,0,0,True,817551
-8.1019231 35.724379 1826.9423828125 6.945,-8.1019231,35.724379,1826.9423828125,6.945,s1,n/a,e01,n/a,2024-08-27T12:06:00.000+03:00,Iringa,Kilolo_DC,Ukumbi,Ukumbi,1,Faraja Alex,-8.1019004 35.7242994 1822.4560546875 4.655,-8.1019004,35.7242994,1822.4560546875,4.655,1,n/a,0679209008,0,n/a,2,0,1,Yara,3,74000,1,CAN,3,74000,0,n/a,2,0,1,3,20000,1,3,Iringa,n/a,n/a,n/a,Subsidised prices,uuid:bdb73a45-8d73-4431-ad4e-3596a6c2624b,TZA_prices_2024-2024-08-27-e01,152398191,bdb73a45-8d73-4431-ad4e-3596a6c2624b,2024-08-27T12:02:50.981381+00:00,2024-08-27T12:02:51.070272+00:00,,,1,,,0,0,True,817551
-7.8058065 35.7360568 1567.943115234375 5.187,-7.8058065,35.7360568,1567.943115234375,5.187,s1,n/a,e01,n/a,2024-08-27T13:38:00.000+03:00,Iringa,Iringa_DC,Ruaha,Tagamenda,1,Edna james,-7.805768 35.7360773 1567.6552734375 4.609,-7.805768,35.7360773,1567.6552734375,4.609,1,n/a,0754994424,1,ETG,3,65000,1,ETG,3,73500,1,CAN,3,50000,0,n/a,2,0,0,2,0,1,1,Iringa,n/a,n/a,n/a,Subsidised prices of fertiliser.,uuid:1726eea0-f23e-4bfc-8c3a-a3e7d8f5844e,TZA_prices_2024-2024-08-27-e01,152398193,1726eea0-f23e-4bfc-8c3a-a3e7d8f5844e,2024-08-27T12:02:51.376109+00:00,2024-08-27T12:02:51.473652+00:00,,,1,,,0,0,True,817551
-7.7905887 35.7024902 1510.2281494140625 12.17,-7.7905887,35.7024902,1510.2281494140625,12.17,s1,n/a,e01,n/a,2024-08-27T13:56:00.000+03:00,Iringa,Iringa_MC,Ruaha,Ipogolo,1,Batista sande,-7.7907259 35.7024916 1526.310546875 3.954,-7.7907259,35.7024916,1526.310546875,3.954,1,n/a,0699296578,1,"Yara, ETG",3,110000,1,"ETG, yara",3,115000,1,CAN,3,90000,0,n/a,2,0,1,3,17000,5,2,Iringa,n/a,n/a,n/a,"Prices before Subsidy program 
Urea 50kg - 70,000
DAP 50kg - 75,000
CAN 50kg - 60,000

Cement price range 17,000 - 20,000",uuid:e753a3b4-8def-4b10-a642-7f879305a704,TZA_prices_2024-2024-08-27-e01,152398194,e753a3b4-8def-4b10-a642-7f879305a704,2024-08-27T12:02:51.859922+00:00,2024-08-27T12:02:51.953607+00:00,,,1,,,0,0,True,817551
-7.7851099 35.815259 1610.75732421875 15.663,-7.7851099,35.815259,1610.75732421875,15.663,s1,n/a,e01,n/a,2024-08-27T15:13:00.000+03:00,Iringa,Kilolo_DC,Ilole,Lundamatwe,1,Lines pius,-7.7849906 35.8151577 1616.7734375 4.937,-7.7849906,35.8151577,1616.7734375,4.937,1,n/a,0744612627,1,"ETG, Falcon, Yara",3,73800,1,"ETG, Yara",3,73800,1,"CAN - Yara, ETG",3,58800,0,n/a,2,0,1,3,17500,1,1,Iringa,n/a,n/a,n/a,"Subsidised prices 2024.

32.5N cement prices.",uuid:408d7939-9fff-4dc8-a6d9-acef18a83d8b,TZA_prices_2024-2024-08-27-e01,152401384,408d7939-9fff-4dc8-a6d9-acef18a83d8b,2024-08-27T12:30:14.692391+00:00,2024-08-27T12:30:14.796830+00:00,,,1,,,0,0,True,817551
-7.7232566 35.9074362 1534.4000244140625 7.259,-7.7232566,35.9074362,1534.4000244140625,7.259,s1,n/a,e01,n/a,2024-08-27T15:38:00.000+03:00,Iringa,Kilolo_DC,Lugalo,Mbigili,1,Irene,-7.7231674 35.9073862 1534.4000244140625 4.638,-7.7231674,35.9073862,1534.4000244140625,4.638,1,n/a,0754522210,1,Falcon,3,65000,1,ETG,3,75000,1,CAN,3,60000,1,Mbeya,2,15000,1,2,0,5,2,"Iringa, Dar es Salaam, Mbeya",n/a,n/a,n/a,"5kg Urea - 9,000
5kg DAP - 10,000
5kg CAN - 9,000",uuid:00942320-ab00-496c-a4cb-a6afdd7992d2,TZA_prices_2024-2024-08-27-e01,152405938,00942320-ab00-496c-a4cb-a6afdd7992d2,2024-08-27T12:57:12.253580+00:00,2024-08-27T12:57:12.360775+00:00,,,1,,,0,0,True,817551
-7.7233678 35.9072779 1534.5 9.953,-7.7233678,35.9072779,1534.5,9.953,s1,n/a,e01,n/a,2024-08-27T16:03:00.000+03:00,Iringa,Kilolo_DC,Lugalo,Mbigili kati,1,Katalena denye,-7.7233121 35.9072004 1534.5 4.827,-7.7233121,35.9072004,1534.5,4.827,1,n/a,0699246612,1,ETG,3,n/a,1,ETG,2,0,0,n/a,2,0,0,n/a,2,0,1,3,17500,3,3,Iringa,n/a,n/a,n/a,"5kg Urea - 15,000
5kg DAP - 15,000

Not subsidised prices.",uuid:daf929cd-e863-4cec-9a1b-cae80695eb62,TZA_prices_2024-2024-08-27-e01,152407790,daf929cd-e863-4cec-9a1b-cae80695eb62,2024-08-27T13:12:10.923876+00:00,2024-08-27T13:12:11.032037+00:00,,,1,,,0,0,True,817551
-7.6940501 36.0237229 1390.699951171875 9.359,-7.6940501,36.0237229,1390.699951171875,9.359,s1,n/a,e01,n/a,2024-08-27T16:32:00.000+03:00,Iringa,Kilolo_DC,Nyarumbu,Ilula sokoni,1,Zaituni yohana,-7.6938213 36.0235937 1399.1744384765625 4.678,-7.6938213,36.0235937,1399.1744384765625,4.678,1,n/a,0785842042,0,n/a,2,0,0,n/a,2,0,0,n/a,2,0,0,n/a,2,0,1,2,18000,1,1,n/a,n/a,n/a,n/a,Does not sell fertiliser.,uuid:cf2050cc-86df-49c1-b257-9d857627a199,TZA_prices_2024-2024-08-27-e01,152416244,cf2050cc-86df-49c1-b257-9d857627a199,2024-08-27T13:39:52.487216+00:00,2024-08-27T13:39:52.592072+00:00,,,1,,,0,0,True,817551
-7.6897391 36.0308122 1396.8985595703125 4.704,-7.6897391,36.0308122,1396.8985595703125,4.704,s1,n/a,e01,n/a,2024-08-27T16:42:00.000+03:00,Iringa,Kilolo_DC,Nyarumbu,Matalawe,1,Mariamu,-7.6896822 36.0308038 1386.568603515625 3.983,-7.6896822,36.0308038,1386.568603515625,3.983,1,n/a,0686742848,1,Yara,3,60000,1,Yara,3,75000,1,CAN,2,60000,1,Baya,2,37000,1,2,19000,7,1,"Iringa, Dar es Salaam.",n/a,n/a,n/a,"Prices before Subsidies.
Lime prices for 2023. Stopped after Subsidy program.",uuid:886924f6-348d-42ba-b295-2fdf0204eaab,TZA_prices_2024-2024-08-27-e01,152423811,886924f6-348d-42ba-b295-2fdf0204eaab,2024-08-27T14:04:00.602169+00:00,2024-08-27T14:04:00.791444+00:00,,,1,,,0,0,True,817551
-7.6799548 36.0387475 1382.380126953125 4.638,-7.6799548,36.0387475,1382.380126953125,4.638,s1,n/a,e01,n/a,2024-08-27T17:07:00.000+03:00,Iringa,Kilolo_DC,Nyarumbu,Ilula mtua,1,Festo chitemasi,-7.6801554 36.038697 1362.81787109375 4.388,-7.6801554,36.038697,1362.81787109375,4.388,1,n/a,0769353119,0,n/a,2,0,0,n/a,2,0,0,n/a,2,0,0,n/a,2,0,1,3,17000,4,10,n/a,n/a,n/a,n/a,Does not sell fertiliser.,uuid:9a90ef5e-43ec-4055-8639-a8d8d5de8dd8,TZA_prices_2024-2024-08-27-e01,152425064,9a90ef5e-43ec-4055-8639-a8d8d5de8dd8,2024-08-27T14:14:11.995129+00:00,2024-08-27T14:14:12.095718+00:00,,,1,,,0,0,True,817551
-7.6791614 36.038775 1353.4000244140625 10.947,-7.6791614,36.038775,1353.4000244140625,10.947,s1,n/a,e01,n/a,2024-08-27T17:19:00.000+03:00,Iringa,Kilolo_DC,Nyarumbu,Ilula mtua,1,Tabitha,-7.6792154 36.0387393 1352.9000244140625 4.401,-7.6792154,36.0387393,1352.9000244140625,4.401,1,n/a,0679873340,1,Falcon,3,64000,1,"Falcon, MO",3,74000,1,CAN,3,74000,0,n/a,2,0,1,2,0,1,10,"Dar es Salaam, Iringa",n/a,n/a,n/a,Subsidised prices.,uuid:2d0cb880-3664-4c50-9b7a-a25c1de73577,TZA_prices_2024-2024-08-27-e01,152427575,2d0cb880-3664-4c50-9b7a-a25c1de73577,2024-08-27T14:44:33.979294+00:00,2024-08-27T14:44:34.094695+00:00,,,1,,,0,0,True,817551
-7.6787767 36.0399293 1353.4000244140625 10.009,-7.6787767,36.0399293,1353.4000244140625,10.009,s1,n/a,e01,n/a,2024-08-27T17:32:00.000+03:00,Iringa,Kilolo_DC,Nyarumbu,Ilula mtua,1,Bakita,-7.6787167 36.0395553 1353.4000244140625 4.963,-7.6787167,36.0395553,1353.4000244140625,4.963,1,n/a,0625712265,1,"Yara, falcon",3,74000,1,YARa,3,74000,1,CAN,3,59000,1,Tanga,3,45000,1,2,0,20,10,"Tanga, Dodoma, Iringa, Dar es Salaam",n/a,n/a,n/a,"50kg Lime from Dodoma is 13,000 because it's powder form.
50kg Lime from Tanga is 45,000 because it's in granules form.

Fertilizer prices are subsided.",uuid:3900e9e4-bc11-460c-abcf-f1962f658a25,TZA_prices_2024-2024-08-27-e01,152427578,3900e9e4-bc11-460c-abcf-f1962f658a25,2024-08-27T14:44:34.486367+00:00,2024-08-27T14:44:34.584133+00:00,,,1,,,0,0,True,817551
-7.678076 36.0375761 1355.2999267578125 6.831,-7.678076,36.0375761,1355.2999267578125,6.831,s1,n/a,e01,n/a,2024-08-27T17:56:00.000+03:00,Iringa,Kilolo_DC,Nyarumbu,Ilula Mtua,1,Fina mtenga,-7.6780777 36.0376066 1355.2999267578125 4.821,-7.6780777,36.0376066,1355.2999267578125,4.821,1,n/a,0748271849,1,"MO, yara",3,74000,1,"MO, OCP",3,74000,1,"CAN,",3,59000,1,Tanga,2,45000,1,3,0,4,5,"Dar es Salaam, Iringa",n/a,n/a,n/a,Used to sell lime before subsidy program (2021).,uuid:1ec9a4ca-60cc-4849-a918-dabaa934e8e3,TZA_prices_2024-2024-08-27-e01,152429257,1ec9a4ca-60cc-4849-a918-dabaa934e8e3,2024-08-27T15:08:43.139597+00:00,2024-08-27T15:08:43.252105+00:00,,,1,,,0,0,True,817551
-8.3003605 35.3012237 1905.199951171875 15.145,-8.3003605,35.3012237,1905.199951171875,15.145,s1,n/a,e01,n/a,2024-08-28T08:14:00.000+03:00,Iringa,Mafinga_TC,Wambi,Wambi ,1,Ephraim Emmanuel,-8.3003296 35.3011852 1831.699951171875 4.904,-8.3003296,35.3011852,1831.699951171875,4.904,1,n/a,0773697302,1,"Premium, Yara, MO",3,73500,1,"Falcon, MO, YARA, OCP",3,73500,1,CAAN plus Minjingu,3,63000,1,Dodoma,3,12000,1,3,18000,9,1,"Dodoma, Iringa, Dar es Salaam",n/a,n/a,n/a,"5kg Urea - 10,000
5kg DAP - 11,000
5kg CAN - 10,000

5kg prices are not subsidised.

Sells lime currently.",uuid:a9270704-9927-4be5-b2a3-4f082c987dca,TZA_prices_2024-2024-08-28-e01,152493902,a9270704-9927-4be5-b2a3-4f082c987dca,2024-08-28T05:45:47.623267+00:00,2024-08-28T05:45:47.740716+00:00,,,1,,,0,0,True,817551
-8.3021381 35.2959066 1853.5999755859375 23.505,-8.3021381,35.2959066,1853.5999755859375,23.505,s1,n/a,e01,n/a,2024-08-28T08:46:00.000+03:00,Iringa,Mafinga_TC,n/a,TFA,1,Mary Momo,-8.3021953 35.2959718 1856.199951171875 4.746,-8.3021953,35.2959718,1856.199951171875,4.746,1,n/a,0755446517,1,Yara,3,70000,1,n/a,3,54000,1,n/a,2,0,1,n/a,3,12000,0,2,0,10,7,n/a,n/a,n/a,n/a,"Stopped selling fertiliser after Subsidy program.
Prices given are before subsidy program.",uuid:e675e15c-2021-43d2-851b-60598040c1e8,TZA_prices_2024-2024-08-28-e01,152571592,e675e15c-2021-43d2-851b-60598040c1e8,2024-08-28T10:59:03.251744+00:00,2024-08-28T10:59:03.366862+00:00,,,1,,,0,0,True,817551
-8.3882607 35.1206741 1934.66796875 6.717,-8.3882607,35.1206741,1934.66796875,6.717,s1,n/a,e01,n/a,2024-08-28T10:38:00.000+03:00,Iringa,Mafinga_TC,Bumilayinga,Matanana,1,Salumu Joseph Hanana,-8.3881895 35.1207008 1935.048828125 4.445,-8.3881895,35.1207008,1935.048828125,4.445,1,n/a,0736752733,1,MO,3,64000,1,MO,3,74000,1,CAN,3,59000,0,n/a,2,0,1,3,19000,4,1,Dar es Salaam,n/a,n/a,n/a,"5kg Urea - 11,000
5kg DAP - 14,000
5kg SA - 9,000

Agro dealer says soil samples taken in the area have determined soil acidity problem but farmers still do not use lime due to lack of education.",uuid:0d13bd9f-577b-4060-b5a5-4f008857ffd7,TZA_prices_2024-2024-08-28-e01,152571593,0d13bd9f-577b-4060-b5a5-4f008857ffd7,2024-08-28T10:59:03.747156+00:00,2024-08-28T10:59:03.840978+00:00,,,1,,,0,0,True,817551
-8.4314684 35.0917245 1845.199951171875 13.661,-8.4314684,35.0917245,1845.199951171875,13.661,s1,n/a,e01,n/a,2024-08-28T11:31:00.000+03:00,Iringa,Mafinga_TC,Bumilayinga,Kibidula,1,Habakkuk,-8.4315948 35.0918284 1845.199951171875 7.611,-8.4315948,35.0918284,1845.199951171875,7.611,1,n/a,0620895473,0,n/a,2,0,0,n/a,2,0,1,"NPK, microp, Yara winner",3,n/a,1,"-Dolomite, Calcium Carbonate power - Tanga
-Dodoma
-MINJINGU LIME
-Caspring",2,45000,0,2,0,13,1,"Tanga, Dodoma, Minjingu",n/a,n/a,n/a,"Large scale Avocado Farming at Kibidula for export.
Use lime every year. They buy lime  directly from industries but sell to employees for use on their farms at the same price.

25kg Dolomite in Tanga - 5200
25kg Calcium Carbonate Tanga - 5200
50kg Dodoma Lime - 8000
25kg Caspring - 45,000

Does not use urea or DAP.",uuid:5238f1a3-8ca2-4fa8-96cf-f32b98ff3b56,TZA_prices_2024-2024-08-28-e01,152571594,5238f1a3-8ca2-4fa8-96cf-f32b98ff3b56,2024-08-28T10:59:04.138287+00:00,2024-08-28T10:59:04.234463+00:00,,,1,,,0,0,True,817551
-8.300909 35.2950965 1857.7999267578125 14.473,-8.300909,35.2950965,1857.7999267578125,14.473,s1,n/a,e01,n/a,2024-08-28T13:16:00.000+03:00,Iringa,Mafinga_TC,Boma,Mkombwe,1,Fedelina Mahenge,-8.3009212 35.2950138 1857.7999267578125 4.871,-8.3009212,35.2950138,1857.7999267578125,4.871,1,n/a,0753013888,1,"Yara, Premium, TFC",3,73500,1,Yara,3,73500,1,CAN,3,58500,1,Dodoma,3,14000,1,3,18000,25,12,"Dar es Salaam, Dodoma Chamwino",n/a,n/a,n/a,"5kg Urea - 9000
5kg DAP - 12,000
5kg CAN - 12,000
5kg SA - 7000

Before Subsidies 
50kg Urea -130,000
50kg CAN -120,000
50kg DAP -130,000",uuid:ad7d4f64-81f5-4ede-a4e8-ab6c2c9cd793,TZA_prices_2024-2024-08-28-e01,152571598,ad7d4f64-81f5-4ede-a4e8-ab6c2c9cd793,2024-08-28T10:59:04.557797+00:00,2024-08-28T10:59:04.650314+00:00,,,1,,,0,0,True,817551
-8.3001993 35.2934274 1863.966796875 8.782,-8.3001993,35.2934274,1863.966796875,8.782,s1,n/a,e01,n/a,2024-08-28T13:32:00.000+03:00,Iringa,Mafinga_TC,Boma,Sokoni,1,Joseph Charles,-8.3002251 35.2933932 1866.40625 4.903,-8.3002251,35.2933932,1866.40625,4.903,1,n/a,0761615200,1,"One Acre Fund, Yara",3,74000,1,One Acre Fund,2,37873,1,CAN One Acre FUND,3,58747,1,DCCL,3,11000,1,2,18500,3,5,"Iringa, Dodoma",n/a,n/a,n/a,Subsidised prices of prices given.,uuid:529d927d-ca7c-4688-8b39-7b3b0551c8cc,TZA_prices_2024-2024-08-28-e01,152571600,529d927d-ca7c-4688-8b39-7b3b0551c8cc,2024-08-28T10:59:05.019525+00:00,2024-08-28T10:59:05.111300+00:00,,,1,,,0,0,True,817551
-7.7839351 35.6850887 1640.0 6.715,-7.7839351,35.6850887,1640.0,6.715,s1,n/a,e01,n/a,2024-08-28T16:02:00.000+03:00,Iringa,Iringa_MC,Kwakilosa,Kisiwani,1,Stephano,-7.7837943 35.6850992 1640.199951171875 4.479,-7.7837943,35.6850992,1640.199951171875,4.479,1,n/a,0767498696,1,Yara,3,73000,1,Yara,3,73000,1,CAN Yara,3,58500,1,Dodoma,3,13000,1,2,16000,11,5,"Dodoma, Dar es Salaam, Iringa",n/a,n/a,n/a,"5kg Urea - 10,000
5kg DAP - 10,000",uuid:3cda3def-c8e0-452a-8b80-a03b5e18aaee,TZA_prices_2024-2024-08-28-e01,152590849,3cda3def-c8e0-452a-8b80-a03b5e18aaee,2024-08-28T13:20:58.464039+00:00,2024-08-28T13:20:58.584399+00:00,,,1,,,0,0,True,817551
-7.7819112 35.6954598 1610.0999755859375 20.0,-7.7819112,35.6954598,1610.0999755859375,20.0,s1,n/a,e01,n/a,2024-08-28T16:29:00.000+03:00,Iringa,Iringa_MC,Sabasaba,Kawawa road,1,Mohammed mtuga,-7.7763506 35.6989695 1610.0999755859375 7.495,-7.7763506,35.6989695,1610.0999755859375,7.495,1,n/a,0679458670,1,Yara,3,105000,1,Yara,3,130000,1,CAN yara,3,95000,0,n/a,3,12000,1,3,17000,60,4,Dar es Salaam,n/a,n/a,n/a,TFA. Does not sell lime.,uuid:b213bc31-5fe7-483b-bd56-512732723006,TZA_prices_2024-2024-08-28-e01,152597023,b213bc31-5fe7-483b-bd56-512732723006,2024-08-28T14:07:52.619255+00:00,2024-08-28T14:07:52.816413+00:00,,,1,,,0,0,True,817551
-7.7819112 35.6954598 1610.0999755859375 20.0,-7.7819112,35.6954598,1610.0999755859375,20.0,s1,n/a,e01,n/a,2024-08-28T16:45:00.000+03:00,Iringa,Iringa_MC,Iringa Town,Pawaga road,1,Emma,-7.7795127 35.6944359 1601.7999267578125 5.0,-7.7795127,35.6944359,1601.7999267578125,5.0,1,n/a,0787920629,1,Falcon,2,n/a,1,Falcon,2,n/a,1,CAN stacko,2,n/a,1,Tanga,3,12000,1,3,16500,4,5,"Tanga, Iringa",n/a,n/a,n/a,"Only two dealers in lime in town.
Cement prices range from 16500 - 19000.

5kg Urea- 12,000
5kg DAP - 12,000
5kg CAN - 5,000",uuid:6498fee9-b56b-4d08-8370-37a348badddc,TZA_prices_2024-2024-08-28-e01,152597107,6498fee9-b56b-4d08-8370-37a348badddc,2024-08-28T14:08:03.195594+00:00,2024-08-28T14:08:03.289796+00:00,,,1,,,0,0,True,817551
